405,650th St,Unpaved,2.9,7.1,107,Peru,Dunn,https://wisconsindot.gov/Pages/travel/road/rustic-roads/rr107.aspx,4666.29537841833
406,650th St,Paved,3.2,7.1,107,Peru,Dunn,https://wisconsindot.gov/Pages/travel/road/rustic-roads/rr107.aspx,5087.94737388851
407,70th St,Paved,1.3,2.4,41,Georgetown,Polk,https://wisconsindot.gov/Pages/travel/road/rustic-roads/rr41.aspx,2118.24967463276
408,710th Ave,Paved,0.5,4,92,River Falls,Pierce,https://wisconsindot.gov/Pages/travel/road/rustic-roads/rr92.aspx,805.150037923146
409,770th Ave,Paved,1.2,4,92,River Falls,Pierce,https://wisconsindot.gov/Pages/travel/road/rustic-roads/rr92.aspx,1886.68059053318
410,7th Dr,Paved,0.6,2.2,102,Richford,Waushara,https://wisconsindot.gov/Pages/travel/rorustic-roads/rr102.aspx,945.211800034507
411,910th St,Paved,2.3,4,92,River Falls,Pierce,https://wisconsindot.gov/Pages/travel/road/rustic-roads/rr92.aspx,3627.50822523459
412,9th Ave,Paved,0.1,2.2,102,Richford,Waushara,https://wisconsindot.gov/Pages/travel/road/rustic-roads/rr102.aspx,239.826837751069
413,Airport Rd,Paved,1.4,27,119,Washington,Door,https://wisconsindot.gov/Pages/travel/road/rustic-roads/rr119.aspx,2267.32020563304
414,Amsterdam Prairie Rd,Paved,1.7,2.7,64,Holland,La Crosse,https://wisconsindot.gov/Pages/travel/road/rustic-roads/rr64.aspx,2764.39127368376
415,Amsterdam Prairie Rd,Paved,0,2.7,64,Holmen,La Crosse,https://wisconsindot.gov/Pages/travel/road/rustic-roads/rr64.aspx,38.1943811591078
416,Buncombe Rd,Paved,3.8,7.6,66,Benton,Lafayette,https://wisconsindot.gov/Pages/travel/road/rustic-roads/rr66.aspx,6123.63317450088
417,Bundy Hollow Rd,Paved,0.3,2.8,112,Ironton,Sauk,https://wisconsindot.gov/Pages/travel/road/rustic-roads/rr112.aspx,423.356197163286
418,Bundy Hollow Rd,Paved,2.5,2.8,112,La Valle,Sauk,https://wisconsindot.gov/Pages/travel/road/rustic-roads/rr112.aspx,4019.90902307354
419,County C,Paved,0.1,2.5,31,Hamilton,La Crosse,https://wisconsindot.gov/Pages/travel/road/rustic-roads/rr31.aspx,159.661912826575
420,County C,Paved,9.2,26,118,Wabeno,Forest,https://wisconsindot.gov/Pages/travel/road/rustic-roads/rr118.aspx,14829.3298856312
421,County C,Paved,0.7,2.5,31,West Salem,La Crosse,https://wisconsindot.gov/Pages/travel/road/rustic-roads/rr31.aspx,1063.57530023231
422,Camp 1 Rd,Unpaved,4.8,26,118,Wabeno,Forest,https://wisconsindot.gov/Pages/travel/road/rustic-roads/rr118.aspx,7700.83010327177
423,Camp Pinemere Rd,Paved,0.4,4.5,59,Minocqua,Oneida,https://wisconsindot.gov/Pages/travel/road/rustic-roads/rr59.aspx,564.930106399289
424,Cana Island Rd,Paved,2.4,2.4,38,Baileys Harbor,Door,https://wisconsindot.gov/Pages/travel/road/rustic-roads/rr38.aspx,3930.03183160896
425,Cary Dam Rd,Unpaved,4.3,9,34,Alvin,Forest,https://wisconsindot.gov/Pages/travel/road/rustic-roads/rr34.aspx,6963.50532917456
426,Ccc Rd,Paved,3.9,8.1,98,Oakland,Burnett,https://wisconsindot.gov/Pages/travel/road/rustic-roads/rr98.aspx,6243.3032880375
427,Centennial Centre Blvd,Paved,0.5,4.4,40,Hobart,Brown,https://wisconsindot.gov/Pages/travel/road/rustic-roads/rr40.aspx,730.400976187434
428,Chippewa Trl,Unpaved,2.7,2.8,93,Luck,Polk,https://wisconsindot.gov/Pages/travel/road/rustic-roads/rr93.aspx,4388.29712495583
429,Chippewa Trl,Unpaved,0.1,2.8,93,Luck,Polk,https://wisconsindot.gov/Pages/travel/road/rustic-roads/rr93.aspx,108.277630585525
430,Chrislaw Rd,Paved,1.1,5.9,110,Lodi,Columbia,https://wisconsindot.gov/Pages/travel/road/rustic-roads/rr110.aspx,1784.35843965682
431,Chrislaw Rd,Paved,0.6,5.9,110,West Point,Columbia,https://wisconsindot.gov/Pages/travel/road/rustic-roads/rr110.aspx,948.330664425313
432,Church St,Paved,0.9,5.7,12,Lyons,Walworth,https://wisconsindot.gov/Pages/travel/road/rustic-roads/rr12.aspx,1440.83256172194
433,City Loop Dr,Paved,0.2,2.5,31,West Salem,La Crosse,https://wisconsindot.gov/Pages/travel/road/rustic-roads/rr31.aspx,248.027820904804
434,Clara Lake Dr,Unpaved,1.1,2.4,41,Georgetown,Polk,https://wisconsindot.gov/Pages/travel/road/rustic-roads/rr41.aspx,1702.98116331658
435,Cloverdale Rd,Unpaved,1.5,2.7,73,Green Grove,Clark,https://wisconsindot.gov/Pages/travel/road/rustic-roads/rr73.aspx,2438.56110605929
436,Cloverland Dr,Paved,1,9.3,82,Ashford,Fond Du Lac,https://wisconsindot.gov/Pages/travel/road/rustic-roads/rr82.aspx,1623.18875621876
437,Cobbtown Rd,Paved,0.5,4.1,57,Farmington,Waupaca,https://wisconsindot.gov/Pages/travel/road/rustic-roads/rr57.aspx,838.584816254698
438,Cold Spring Rd,Paved,2.2,3.5,88,Cold Spring,Jefferson,https://wisconsindot.gov/Pages/travel/road/rustic-roads/rr88.aspx,3616.44923248604
439,Cold Spring Rd,Paved,1.1,3.5,88,Koshkonong,Jefferson,https://wisconsindot.gov/Pages/travel/road/rustic-roads/rr88.aspx,1795.10129647076
440,Cold Springs Rd,Paved,0.2,3.5,88,Whitewater,Walworth,https://wisconsindot.gov/Pages/travel/road/rustic-roads/rr88.aspx,273.826721991399
441,Columbia Ave,Unpaved,3.4,8.9,76,Hewett,Clark,https://wisconsindot.gov/Pages/travel/road/rustic-roads/rr76.aspx,5516.01946459103
442,Commercial St,Paved,0,10.1,70,Liberty,Grant,https://wisconsindot.gov/Pages/travel/road/rustic-roads/rr70.aspx,57.8878059355058
443,Cottonville Ave,Unpaved,1.5,4.7,50,Preston,Adams,https://wisconsindot.gov/Pages/travel/road/rustic-roads/rr50.aspx,2464.61741577371
444,Cottonville Ave,Unpaved,2.7,4.7,50,Richfield,Adams,https://wisconsindot.gov/Pages/travel/road/rustic-roads/rr50.aspx,4403.32460104418
445,Cottonville Ave,Paved,0.5,4.7,50,Richfield,Adams,https://wisconsindot.gov/Pages/travel/road/rustic-roads/rr50.aspx,739.385249401507
446,Federal Forest Rd 203,Unpaved,5.9,17.1,95,Spider Lake,Sawyer,https://wisconsindot.gov/Pages/travel/road/rustic-roads/rr95.aspx,9421.97474843924
447,Federal Forest Rd 203,Paved,2.1,17.1,95,Spider Lake,Sawyer,https://wisconsindot.gov/Pages/travel/road/rustic-roads/rr95.aspx,3450.415302865
448,Federal Forest Rd 622,Unpaved,3,17.1,95,Spider Lake,Sawyer,https://wisconsindot.gov/Pages/travel/road/rustic-roads/rr95.aspx,4881.29740642346
449,Firelane Rd,Unpaved,3.5,13.1,114,Atlanta,Rusk,https://wisconsindot.gov/Pages/travel/road/rustic-roads/rr114.aspx,5597.11733637595
450,Fishel Rd,Paved,3.6,9,34,Alvin,Forest,https://wisconsindot.gov/Pages/travel/road/rustic-roads/rr34.aspx,5831.79946304126
451,Fisher Ave,Unpaved,1,8.9,76,Hewett,Clark,https://wisconsindot.gov/Pages/travel/road/rustic-roads/rr76.aspx,1575.26242163999
452,Foley Rd,Paved,1.8,4.1,57,Farmington,Waupaca,https://wisconsindot.gov/Pages/travel/road/rustic-roads/rr57.aspx,2915.00203528337
453,Forest Rd,Paved,0.9,4.4,40,Hobart,Brown,https://wisconsindot.gov/Pages/travel/road/rustic-roads/rr40.aspx,1517.5924716092
454,Forest Rd 164,Unpaved,3.8,25.3,111,Chippewa,Ashland,https://wisconsindot.gov/Pages/travel/road/rustic-roads/rr111.aspx,6038.26589596734
455,Fries Ln,Paved,0.1,3.1,5,Norway,Racine,https://wisconsindot.gov/Pages/travel/road/rustic-roads/rr5.aspx,90.1998917786871
456,County G,Paved,7.9,13.2,100,Oma,Iron,https://wisconsindot.gov/Pages/travel/road/rustic-roads/rr100.aspx,12747.8187542078
457,Garland St,Paved,0.3,2.5,31,West Salem,La Crosse,https://wisconsindot.gov/Pages/travel/road/rustic-roads/rr31.aspx,404.458281577618
458,Garrity Rd,Paved,0.8,3.9,53,Kaukauna,Outagamie,https://wisconsindot.gov/Pages/travel/road/rustic-roads/rr53.aspx,1336.50446034739
459,Glendenning Rd,Paved,1,1.2,79,Oakland,Burnett,https://wisconsindot.gov/Pages/travel/road/rustic-roads/rr79.aspx,1661.85726751969
460,Glendenning Rd,Paved,0.1,1.2,79,Swiss,Burnett,https://wisconsindot.gov/Pages/travel/road/rustic-roads/rr79.aspx,189.98541935745
461,Greiner Rd,Paved,0.7,3.9,53,Kaukauna,Outagamie,https://wisconsindot.gov/Pages/travel/road/rustic-roads/rr53.aspx,1204.92835728434
462,County Line St,Paved,0.4,4.5,67,Almena,Barron,https://wisconsindot.gov/Pages/travel/road/rustic-roads/rr67.aspx,606.271534222031
463,County Line St,Paved,1,4.5,67,Beaver,Polk,https://wisconsindot.gov/Pages/travel/road/rustic-roads/rr67.aspx,1654.67893129485
464,Covered Bridge Rd,Paved,0.2,1.8,117,Springwater,Waushara,https://wisconsindot.gov/Pages/travel/road/rustic-roads/rr117.aspx,243.340946017512
465,Cranberry Rd,Paved,2.3,3.4,36,Lyons,Walworth,https://wisconsindot.gov/Pages/travel/road/rustic-roads/rr36.aspx,3718.63899377724
466,Creamery Rd,Paved,1.8,6.5,87,Koshkonong,Jefferson,https://wisconsindot.gov/Pages/travel/road/rustic-roads/rr87.aspx,2918.57217241493
467,Creek Rd,Paved,4,5.2,97,Middle Inlet,Marinette,https://wisconsindot.gov/Pages/travel/road/rustic-roads/rr97.aspx,6363.88891940175
468,Cumberland Ave,Unpaved,1.4,2.2,102,Richford,Waushara,https://wisconsindot.gov/Pages/travel/road/rustic-roads/rr102.aspx,2256.52554230118
469,Cumberland Ave,Paved,0,2.2,102,Richford,Waushara,https://wisconsindot.gov/Pages/travel/road/rustic-roads/rr102.aspx,31.9050301382788
470,County D,Paved,0.1,5.4,89,Menomonie,Dunn,https://wisconsindot.gov/Pages/travel/road/rustic-roads/rr89.aspx,196.785046519614
471,Dalton Rd,Paved,0.2,4.4,104,Marcellon,Columbia,https://wisconsindot.gov/Pages/travel/road/rustic-roads/rr104.aspx,355.117949464824
472,Division Rd S,Paved,0.5,2.3,30,Norway,Racine,https://wisconsindot.gov/Pages/travel/road/rustic-roads/rr30.aspx,858.58780321712
473,Donegal Rd,Paved,1.5,12.1,33,Erin,Washington,https://wisconsindot.gov/Pages/travel/road/rustic-roads/rr33.aspx,2400.22738032904
474,Dutch Hollow Rd,Paved,2.8,8.5,56,Whitestown,Vernon,https://wisconsindot.gov/Pages/travel/road/rustic-roads/rr56.aspx,4517.58843003638
475,Dyreson Rd E,Paved,2.9,2.9,20,Dunn,Dane,https://wisconsindot.gov/Pages/travel/road/rustic-roads/rr20.aspx,4601.73528281956
476,County E,Paved,7,13,6,Birch Creek,Chippewa,https://wisconsindot.gov/Pages/travel/road/rustic-roads/rr6.aspx,11196.9042315475
477,County E,Paved,6.1,13,6,Cleveland,Chippewa,https://wisconsindot.gov/Pages/travel/road/rustic-roads/rr6.aspx,9794.30430954608
478,County E,Paved,2.2,2.2,80,Scott,Burnett,https://wisconsindot.gov/Pages/travel/road/rustic-roads/rr80.aspx,3518.12858960317
479,East Side Rd,Paved,0.5,27,119,Washington,Door,https://wisconsindot.gov/Pages/travel/road/rustic-roads/rr119.aspx,819.269131966161
480,Ember Dr,Unpaved,0.2,1.9,14,Easton,Adams,https://wisconsindot.gov/Pages/travel/road/rustic-roads/rr14.aspx,252.411402688203
481,Ember Dr,Unpaved,1.8,1.9,14,Easton,Adams,https://wisconsindot.gov/Pages/travel/road/rustic-roads/rr14.aspx,2855.53498014249
482,Emerald Dr,Paved,3.5,12.1,33,Erin,Washington,https://wisconsindot.gov/Pages/travel/road/rustic-roads/rr33.aspx,5593.61746043811
483,Emmons Creek Rd,Paved,2.7,2.7,24,Dayton,Waupaca,https://wisconsindot.gov/Pages/travel/road/rustic-roads/rr24.aspx,4419.41747550285
484,Ensch Rd,Paved,0.6,7.6,66,Benton,Lafayette,https://wisconsindot.gov/Pages/travel/road/rustic-roads/rr66.aspx,947.945090854169
485,Fairfield St,Paved,1,11.2,49,Portage,Columbia,https://wisconsindot.gov/Pages/travel/road/rustic-roads/rr49.aspx,1627.29537333127
486,Federal Forest Rd 174,Unpaved,4.4,25.3,111,Round Lake,Sawyer,https://wisconsindot.gov/Pages/travel/road/rustic-roads/rr111.aspx,7039.53935195313
487,Federal Forest Rd 174,Unpaved,0.7,25.3,111,Spider Lake,Sawyer,https://wisconsindot.gov/Pages/travel/road/rustic-roads/rr111.aspx,1144.46177537281
488,Federal Forest Rd 176,Unpaved,0.8,25.3,111,Spider Lake,Sawyer,https://wisconsindot.gov/Pages/travel/road/rustic-roads/rr111.aspx,1279.9626418273
489,County B,Paved,2.7,3.7,43,Brighton,Kenosha,https://wisconsindot.gov/Pages/travel/road/rustic-roads/rr43.aspx,4346.74413055437
490,County B,Paved,0.3,2.5,10,Delafield,Waukesha,https://wisconsindot.gov/Pages/travel/road/rustic-roads/rr10.aspx,430.616243309348
491,County B,Paved,1,3.7,43,Dover,Racine,https://wisconsindot.gov/Pages/travel/road/rustic-roads/rr43.aspx,1616.18168853097
492,County B,Paved,1.1,2.5,10,Summit,Waukesha,https://wisconsindot.gov/Pages/travel/road/rustic-roads/rr10.aspx,1691.50608843486
493,County B,Paved,0.2,2.5,31,West Salem,La Crosse,https://wisconsindot.gov/Pages/travel/road/rustic-roads/rr31.aspx,314.021986436265
494,Back Rd,Paved,2.9,5.7,12,Lyons,Walworth,https://wisconsindot.gov/Pages/travel/road/rustic-roads/rr12.aspx,4634.1593778324
495,Bark River Rd,Paved,2.2,2.2,84,Koshkonong,Jefferson,https://wisconsindot.gov/Pages/travel/road/rustic-roads/rr84.aspx,3533.16925444541
496,Barron - Polk St,Paved,1.3,4.5,67,Almena,Barron,https://wisconsindot.gov/Pages/travel/road/rustic-roads/rr67.aspx,2114.00953168147
497,Barry Rd,Paved,0.2,4.4,104,Buffalo,Marquette,https://wisconsindot.gov/Pages/travel/road/rustic-roads/rr104.aspx,283.736886089738
498,Barry Rd,Paved,0.8,4.4,104,Marcellon,Columbia,https://wisconsindot.gov/Pages/travel/road/rustic-roads/rr104.aspx,1293.24218810005
499,Bay Shore Rd,Unpaved,3.7,26,118,Wabeno,Forest,https://wisconsindot.gov/Pages/travel/road/rustic-roads/rr118.aspx,5990.23672388154
500,Beebe Rd,Paved,1.2,7.6,66,Benton,Lafayette,https://wisconsindot.gov/Pages/travel/road/rustic-roads/rr66.aspx,1885.23192543239
501,Berndt Rd,Paved,1.1,3.4,36,Lyons,Walworth,https://wisconsindot.gov/Pages/travel/road/rustic-roads/rr36.aspx,1795.59283535341
502,Blue Lake Rd,Paved,6.5,9.6,58,Minocqua,Oneida,https://wisconsindot.gov/Pages/travel/road/rustic-roads/rr58.aspx,10397.8701406913
503,Bluegoose Rd,Unpaved,0.4,6.6,52,Saukville,Ozaukee,https://wisconsindot.gov/Pages/travel/road/rustic-roads/rr52.aspx,644.923557347969
504,Bluegoose Rd,Paved,0.7,6.6,52,Saukville,Ozaukee,https://wisconsindot.gov/Pages/travel/road/rustic-roads/rr52.aspx,1048.00055767762
505,Boat Landing Rd,Unpaved,0.4,13.1,105,Fifield,Price,https://wisconsindot.gov/Pages/travel/road/rustic-roads/rr105.aspx,587.092873963883
506,Bodde Rd,Paved,1.8,3.9,53,Kaukauna,Outagamie,https://wisconsindot.gov/Pages/travel/road/rustic-roads/rr53.aspx,2892.2456750074
507,Boedecker Rd,Unpaved,2.2,5.8,108,Lenroot,Sawyer,https://wisconsindot.gov/Pages/travel/road/rustic-roads/rr108.aspx,3494.32747294449
508,Boedecker Rd,Paved,0.1,5.8,108,Lenroot,Sawyer,https://wisconsindot.gov/Pages/travel/road/rustic-roads/rr108.aspx,227.322183122856
509,Boedecker Rd,Unpaved,0.2,5.8,108,Spider Lake,Sawyer,https://wisconsindot.gov/Pages/travel/road/rustic-roads/rr108.aspx,279.341688620585
510,Brever Rd,Paved,2.4,8.2,42,Burlington,Racine,https://wisconsindot.gov/Pages/travel/road/rustic-roads/rr42.aspx,3906.61291596706
511,Brewery Hollow Rd,Paved,1.4,3.3,99,Potosi,Grant,https://wisconsindot.gov/Pages/travel/road/rustic-roads/rr99.aspx,2214.63344722681
512,Bromley Rd,Paved,1.6,3.7,75,Mifflin,Iowa,https://wisconsindot.gov/Pages/travel/road/rustic-roads/rr75.aspx,2553.37141323883
513,Bruce Mound Ave,Unpaved,1,8.9,76,Hewett,Clark,https://wisconsindot.gov/Pages/travel/road/rustic-roads/rr76.aspx,1606.93316713527
514,125th Ave,Paved,5.1,5.1,28,Apple River,Polk,https://wisconsindot.gov/Pages/travel/road/rustic-roads/rr28.aspx,8225.16295226026
515,140th Ave,Paved,2.2,2.2,116,Richmond,St. Croix,https://wisconsindot.gov/Pages/travel/road/rustic-roads/rr116.aspx,3486.05104992648
516,14th Rd,Paved,3.2,4.4,104,Buffalo,Marquette,https://wisconsindot.gov/Pages/travel/road/rustic-roads/rr104.aspx,5147.44966397557
517,160th Ave,Unpaved,0.8,7.1,107,Peru,Dunn,https://wisconsindot.gov/Pages/travel/road/rustic-roads/rr107.aspx,1286.68179828939
518,160th Ave,Paved,0.3,7.1,107,Peru,Dunn,https://wisconsindot.gov/Pages/travel/road/rustic-roads/rr107.aspx,418.232676192488
519,16th Ave,Paved,1.3,4.5,67,Almena,Barron,https://wisconsindot.gov/Pages/travel/road/rustic-roads/rr67.aspx,2135.1993405846
520,197th St,Unpaved,0.2,4.2,51,Maiden Rock,Pierce,https://wisconsindot.gov/Pages/travel/road/rustic-roads/rr51.aspx,389.958405263276
521,20th Ave,Unpaved,2.8,4.2,51,Maiden Rock,Pierce,https://wisconsindot.gov/Pages/travel/road/rustic-roads/rr51.aspx,4527.19168776389
522,23-24 1/2 St,Paved,1.3,6.7,18,Stanley,Barron,https://wisconsindot.gov/Pages/travel/road/rustic-roads/rr18.aspx,2086.70521644876
523,230th Ave,Paved,1.4,0,103,Somerset,St. Croix,https://wisconsindot.gov/Pages/travel/road/rustic-roads/rr103.aspx,2283.60080689394
524,23rd St,Paved,2.7,6.7,18,Stanley,Barron,https://wisconsindot.gov/Pages/travel/road/rustic-roads/rr18.aspx,4384.94299706118
525,26th Rd,Paved,0.7,2.1,48,Leon,Waushara,https://wisconsindot.gov/Pages/travel/road/rustic-roads/rr48.aspx,1132.67539054113
526,26th Rd,Paved,1.4,2.1,48,Saxeville,Waushara,https://wisconsindot.gov/Pages/travel/road/rustic-roads/rr48.aspx,2295.59833128637
527,3 Mile Rd,Paved,1.8,1.8,37,Raymond,Racine,https://wisconsindot.gov/Pages/travel/road/rustic-roads/rr37.aspx,2888.96186943773
528,410th St,Paved,2.8,5.4,89,Menomonie,Dunn,https://wisconsindot.gov/Pages/travel/road/rustic-roads/rr89.aspx,4449.33739343743
529,420th St,Paved,0.6,5.4,89,Dunn,Dunn,https://wisconsindot.gov/Pages/travel/road/rustic-roads/rr89.aspx,950.074381574915
530,420th St,Paved,1.8,5.4,89,Menomonie,Dunn,https://wisconsindot.gov/Pages/travel/road/rustic-roads/rr89.aspx,2867.851969835
531,50th Ave,Unpaved,1.2,4.2,51,Maiden Rock,Pierce,https://wisconsindot.gov/Pages/travel/road/rustic-roads/rr51.aspx,1910.95736907903
532,Levee Rd,Paved,4.4,11.2,49,Fairfield,Sauk,https://wisconsindot.gov/Pages/travel/road/rustic-roads/rr49.aspx,7120.11962490879
533,Liberty Ridge Rd,Paved,4.3,10.1,70,Liberty,Grant,https://wisconsindot.gov/Pages/travel/road/rustic-roads/rr70.aspx,6885.9812710553
534,Little Lake Rd,Paved,1.4,27,119,Washington,Door,https://wisconsindot.gov/Pages/travel/road/rustic-roads/rr119.aspx,2302.70211260827
535,Little Stone Rd,Paved,0.5,2.2,71,Stone Lake,Washburn,https://wisconsindot.gov/Pages/travel/road/rustic-roads/rr71.aspx,762.063318580263
536,Logging Dam Rd,Unpaved,0.3,13.1,105,Fifield,Price,https://wisconsindot.gov/Pages/travel/road/rustic-roads/rr105.aspx,464.333867915777
537,Loomis Rd,Paved,2.2,3.1,5,Norway,Racine,https://wisconsindot.gov/Pages/travel/road/rustic-roads/rr5.aspx,3589.39900265711
538,Loomis Rd,Paved,0.8,3.1,5,Waterford,Racine,https://wisconsindot.gov/Pages/travel/road/rustic-roads/rr5.aspx,1282.88607764718
539,Lost Land Lake Rd,Unpaved,2.8,17.1,95,Namakagon,Bayfield,https://wisconsindot.gov/Pages/travel/road/rustic-roads/rr95.aspx,4438.57568071121
540,Lower Ridge Rd,Paved,0,8.5,56,Ontario,Vernon,https://wisconsindot.gov/Pages/travel/road/rustic-roads/rr56.aspx,77.9613109761623
541,Lower Ridge Rd,Paved,2.8,8.5,56,Whitestown,Vernon,https://wisconsindot.gov/Pages/travel/road/rustic-roads/rr56.aspx,4583.90134321505
542,County M,Paved,1.9,13.9,47,Fairbanks,Shawano,https://wisconsindot.gov/Pages/travel/road/rustic-roads/rr47.aspx,3127.9393059319
543,County M,Paved,6.4,13.9,47,Germania,Shawano,https://wisconsindot.gov/Pages/travel/road/rustic-roads/rr47.aspx,10271.3852438328
544,County M,Paved,0.8,13.9,47,Tigerton,Shawano,https://wisconsindot.gov/Pages/travel/road/rustic-roads/rr47.aspx,1273.30787430619
545,County H,Paved,5.2,13.2,100,Mercer,Iron,https://wisconsindot.gov/Pages/travel/road/rustic-roads/rr100.aspx,8420.08010238777
546,Hamilton St,Paved,0.3,2.5,31,West Salem,La Crosse,https://wisconsindot.gov/Pages/travel/road/rustic-roads/rr31.aspx,512.84483910016
547,Hanson Rd,Paved,0.6,2.3,30,Norway,Racine,https://wisconsindot.gov/Pages/travel/road/rustic-roads/rr30.aspx,969.087158526932
548,Happy Valley Rd,Paved,0.1,4,92,River Falls,Pierce,https://wisconsindot.gov/Pages/travel/road/rustic-roads/rr92.aspx,81.1598401690769
549,Hawthorne Rd,Unpaved,1.5,2,65,Mequon,Ozaukee,https://wisconsindot.gov/Pages/travel/road/rustic-roads/rr65.aspx,2452.30413380734
550,Hawthorne Rd,Paved,0.5,2,65,Mequon,Ozaukee,https://wisconsindot.gov/Pages/travel/road/rustic-roads/rr65.aspx,772.643579235664
551,Hayden Lake Rd,Paved,3.1,8.1,98,Oakland,Burnett,https://wisconsindot.gov/Pages/travel/road/rustic-roads/rr98.aspx,4928.34702608712
552,Hayden Lake Rd,Paved,0.4,8.1,98,Swiss,Burnett,https://wisconsindot.gov/Pages/travel/road/rustic-roads/rr98.aspx,655.722836009176
553,Hemlock Dr,Paved,2.7,27,119,Washington,Door,https://wisconsindot.gov/Pages/travel/road/rustic-roads/rr119.aspx,4284.59098699474
554,Heritage Rd,Paved,0.9,7.8,2,Rochester,Racine,https://wisconsindot.gov/Pages/travel/road/rustic-roads/rr2.aspx,1482.69402985525
555,Hill Dr,Paved,0.6,4.4,40,Hobart,Brown,https://wisconsindot.gov/Pages/travel/road/rustic-roads/rr40.aspx,1045.65889888718
556,Hill Rd,Unpaved,1.4,10.1,70,Liberty,Grant,https://wisconsindot.gov/Pages/travel/road/rustic-roads/rr70.aspx,2207.06321844733
557,Hillcrest Rd,Paved,1.1,2.3,30,Norway,Racine,https://wisconsindot.gov/Pages/travel/road/rustic-roads/rr30.aspx,1728.96403130397
558,Hoff Valley Rd,Paved,0.6,8.5,56,Whitestown,Vernon,https://wisconsindot.gov/Pages/travel/road/rustic-roads/rr56.aspx,905.868114941333
559,Honey Lake Rd,Paved,1.5,7.8,2,Burlington,Racine,https://wisconsindot.gov/Pages/travel/road/rustic-roads/rr2.aspx,2442.38893419037
560,Hoosier Creek Rd,Paved,1.7,8.2,42,Burlington,Racine,https://wisconsindot.gov/Pages/travel/road/rustic-roads/rr42.aspx,2670.79021818518
561,County I,Unpaved,7,35.4,32,Goodman,Marinette,https://wisconsindot.gov/Pages/travel/road/rustic-roads/rr32.aspx,11293.869505241
562,County I,Unpaved,3.1,35.4,32,Silver Cliff,Marinette,https://wisconsindot.gov/Pages/travel/road/rustic-roads/rr32.aspx,4961.91022174774
563,County I,Paved,9.4,35.4,32,Silver Cliff,Marinette,https://wisconsindot.gov/Pages/travel/road/rustic-roads/rr32.aspx,15104.7101028909
564,Indian Market Rd,Unpaved,4.9,26,118,Wabeno,Forest,https://wisconsindot.gov/Pages/travel/road/rustic-roads/rr118.aspx,7858.38316436736
565,Indian Point Rd,Paved,1.4,27,119,Washington,Door,https://wisconsindot.gov/Pages/travel/road/rustic-roads/rr119.aspx,2213.28743301842
566,County IR,Paved,0.5,3,8,Suamico,Brown,https://wisconsindot.gov/Pages/travel/road/rustic-roads/rr8.aspx,793.830309969214
567,County J,Paved,0.3,13.9,47,Tigerton,Shawano,https://wisconsindot.gov/Pages/travel/road/rustic-roads/rr47.aspx,559.499790520613
568,Janet Rd,Unpaved,1.1,5.8,108,Lenroot,Sawyer,https://wisconsindot.gov/Pages/travel/road/rustic-roads/rr108.aspx,1700.79310361501
569,Janet Rd,Unpaved,0.5,5.8,108,Spider Lake,Sawyer,https://wisconsindot.gov/Pages/travel/road/rustic-roads/rr108.aspx,858.22834616726
570,County K,Paved,4.8,11.5,60,Boulder Junction,Vilas,https://wisconsindot.gov/Pages/travel/road/rustic-roads/rr60.aspx,7764.39215107416
571,County K,Paved,6.7,11.5,60,Plum Lake,Vilas,https://wisconsindot.gov/Pages/travel/road/rustic-roads/rr60.aspx,10773.5793035322
572,Kaderly Rd,Unpaved,1.5,3.2,90,Spring Grove,Green,https://wisconsindot.gov/Pages/travel/road/rustic-roads/rr90.aspx,2376.98386410395
573,Katzenburg Dr,Paved,2.1,9.3,82,Ashford,Fond Du Lac,https://wisconsindot.gov/Pages/travel/road/rustic-roads/rr82.aspx,3350.96553820314
574,Kearney Rd,Paved,1.4,2.6,85,Spring Prairie,Walworth,https://wisconsindot.gov/Pages/travel/road/rustic-roads/rr85.aspx,2321.39945730041
575,Kennedy Rd,Paved,2.1,7.6,66,Benton,Lafayette,https://wisconsindot.gov/Pages/travel/road/rustic-roads/rr66.aspx,3301.825836473
576,Kluckhorn St,Paved,0.2,10.1,70,Liberty,Grant,https://wisconsindot.gov/Pages/travel/road/rustic-roads/rr70.aspx,384.107222403508
577,Knob Rd,Paved,2.5,8.9,11,Lyons,Walworth,https://wisconsindot.gov/Pages/travel/road/rustic-roads/rr11.aspx,4017.81964645807
578,Knollwood Rd,Paved,1,6.6,52,Saukville,Ozaukee,https://wisconsindot.gov/Pages/travel/road/rustic-roads/rr52.aspx,1628.35494861042
579,Kuffner Rd,Unpaved,3.4,26,118,Wabeno,Forest,https://wisconsindot.gov/Pages/travel/road/rustic-roads/rr118.aspx,5511.21200875743
580,Lake Rd,Paved,1.8,2.2,71,Stone Lake,Washburn,https://wisconsindot.gov/Pages/travel/road/rustic-roads/rr71.aspx,2826.71110076009
581,Lakeview Dr,Unpaved,0.8,9,34,Alvin,Forest,https://wisconsindot.gov/Pages/travel/road/rustic-roads/rr34.aspx,1262.76314035752
582,Lakeview Dr,Paved,0.2,9,34,Alvin,Forest,https://wisconsindot.gov/Pages/travel/road/rustic-roads/rr34.aspx,355.024392485563
583,Lalor Rd,Paved,2.3,2.3,19,Dunn,Dane,https://wisconsindot.gov/Pages/travel/road/rustic-roads/rr19.aspx,3679.75924399634
584,Ledge Rd,Unpaved,1,8,106,Leroy,Dodge,https://wisconsindot.gov/Pages/travel/road/rustic-roads/rr106.aspx,1605.76572365743
585,Ledge Rd,Paved,2.1,8,106,Leroy,Dodge,https://wisconsindot.gov/Pages/travel/road/rustic-roads/rr106.aspx,3449.29559391247
586,Lee Rd,Paved,0.2,2.9,121,Fountain,Juneau,https://wisconsindot.gov/Pages/travel/road/rustic-roads/rr121.aspx,363.361281271612
587,Lee Rd,Paved,2.7,2.9,121,Plymouth,Juneau,https://wisconsindot.gov/Pages/travel/road/rustic-roads/rr121.aspx,4290.73682239364
588,Leonard St,Paved,0.1,2.5,31,West Salem,La Crosse,https://wisconsindot.gov/Pages/travel/road/rustic-roads/rr31.aspx,202.572622921061
589,Levee Rd,Paved,5.7,11.2,49,Caledonia,Columbia,https://wisconsindot.gov/Pages/travel/road/rustic-roads/rr49.aspx,9219.81200320841
590,County M,Paved,3.7,13.9,47,Wittenberg,Shawano,https://wisconsindot.gov/Pages/travel/road/rustic-roads/rr47.aspx,5929.21848474975
591,County M,Paved,0.7,13.9,47,Wittenberg,Shawano,https://wisconsindot.gov/Pages/travel/road/rustic-roads/rr47.aspx,1177.8872003367
592,Main Rd,Paved,0.1,27,119,Washington,Door,https://wisconsindot.gov/Pages/travel/road/rustic-roads/rr119.aspx,194.786472317518
593,Malchine Rd,Paved,0.1,2.3,30,Norway,Racine,https://wisconsindot.gov/Pages/travel/road/rustic-roads/rr30.aspx,156.316763173044
594,Maple Rd,Paved,0.8,7.8,2,Burlington,Racine,https://wisconsindot.gov/Pages/travel/road/rustic-roads/rr2.aspx,1253.89166605534
595,Maple Rd,Paved,2,7.8,2,Rochester,Racine,https://wisconsindot.gov/Pages/travel/road/rustic-roads/rr2.aspx,3144.98179929349
596,Maple Rd,Paved,2.7,7.8,2,Waterford,Racine,https://wisconsindot.gov/Pages/travel/road/rustic-roads/rr2.aspx,4286.73418773099
597,Marine Rd,Unpaved,0.9,0,103,Somerset,St. Croix,https://wisconsindot.gov/Pages/travel/road/rustic-roads/rr103.aspx,1419.78481980157
598,Marine Rd,Paved,0,0,103,Somerset,St. Croix,https://wisconsindot.gov/Pages/travel/road/rustic-roads/rr103.aspx,36.5197596515523
599,Marty Rd,Paved,2.9,2.9,81,New Glarus,Green,https://wisconsindot.gov/Pages/travel/road/rustic-roads/rr81.aspx,4679.50118591002
600,McCabe Rd,Paved,0.5,3.9,53,Kaukauna,Outagamie,https://wisconsindot.gov/Pages/travel/road/rustic-roads/rr53.aspx,804.771097545163
601,Mountain Rd,Paved,1.4,27,119,Washington,Door,https://wisconsindot.gov/Pages/travel/road/rustic-roads/rr119.aspx,2203.33491462334
602,N Buck's Lake Rd,Unpaved,3.9,13.1,114,Wilson,Rusk,https://wisconsindot.gov/Pages/travel/road/rustic-roads/rr114.aspx,6268.38968315491
603,N Buck's Lake Rd,Paved,0.4,13.1,114,Wilson,Rusk,https://wisconsindot.gov/Pages/travel/road/rustic-roads/rr114.aspx,597.042191298908
604,N Mill Rd,Paved,0.5,3.2,90,Spring Grove,Green,https://wisconsindot.gov/Pages/travel/road/rustic-roads/rr90.aspx,812.948048477905
605,N Park Ave Rd,Paved,2,2.2,109,Little River,Oconto,https://wisconsindot.gov/Pages/travel/road/rustic-roads/rr109.aspx,3205.88197736723
606,N Point Rd,Paved,1.7,8,106,Leroy,Dodge,https://wisconsindot.gov/Pages/travel/road/rustic-roads/rr106.aspx,2813.79106027764
607,N Riley Rd,Paved,5.7,5.7,68,Porter,Rock,https://wisconsindot.gov/Pages/travel/road/rustic-roads/rr68.aspx,9158.76306948971
608,N Serns Rd,Paved,2.5,2.7,35,Milton,Rock,https://wisconsindot.gov/Pages/travel/road/rustic-roads/rr35.aspx,4061.36287863729
609,Narrow Gauge Rd,Unpaved,4.6,4.6,83,Bear Lake,Barron,https://wisconsindot.gov/Pages/travel/road/rustic-roads/rr83.aspx,7391.07825051888
610,Newald Rd,Unpaved,1.4,32.1,74,Fence,Florence,https://wisconsindot.gov/Pages/travel/road/rustic-roads/rr74.aspx,2204.62194412292
611,Newald Tower Rd,Unpaved,2.8,32.1,74,Fence,Florence,https://wisconsindot.gov/Pages/travel/road/rustic-roads/rr74.aspx,4518.67517547688
612,Nora Rd,Paved,3.6,3.6,96,Cottage Grove,Dane,https://wisconsindot.gov/Pages/travel/road/rustic-roads/rr96.aspx,5842.33950767539
613,Northern Lights Rd,Paved,1.7,5.8,108,Lenroot,Sawyer,https://wisconsindot.gov/Pages/travel/road/rustic-roads/rr108.aspx,2723.98918982566
614,County NP,Paved,0.4,2.5,31,Hamilton,La Crosse,https://wisconsindot.gov/Pages/travel/road/rustic-roads/rr31.aspx,598.490841591497
615,County NP,Paved,0,2.5,31,West Salem,La Crosse,https://wisconsindot.gov/Pages/travel/road/rustic-roads/rr31.aspx,19.5815039821681
616,County O,Paved,0.2,5.9,16,Two Rivers,Manitowoc,https://wisconsindot.gov/Pages/travel/road/rustic-roads/rr16.aspx,297.192118897493
617,County O,Paved,5.7,5.9,16,Two Rivers,Manitowoc,https://wisconsindot.gov/Pages/travel/road/rustic-roads/rr16.aspx,9243.28967791768
618,McIntyre Rd,Paved,1.7,6.5,87,Koshkonong,Jefferson,https://wisconsindot.gov/Pages/travel/road/rustic-roads/rr87.aspx,2749.87071083749
619,Meadow Lake Rd,Unpaved,0.4,25.3,111,Spider Lake,Sawyer,https://wisconsindot.gov/Pages/travel/road/rustic-roads/rr111.aspx,716.3372808383
620,Memorial Dr,Paved,0.1,2.5,31,West Salem,La Crosse,https://wisconsindot.gov/Pages/travel/road/rustic-roads/rr31.aspx,108.498028037746
621,Mercer Lake Rd,Paved,3.2,9.6,58,Minocqua,Oneida,https://wisconsindot.gov/Pages/travel/road/rustic-roads/rr58.aspx,5080.16219666503
622,Michigan Rd,Paved,1.6,27,119,Washington,Door,https://wisconsindot.gov/Pages/travel/road/rustic-roads/rr119.aspx,2564.00769808643
623,Middle Rd,Unpaved,0.5,8.9,76,Hewett,Clark,https://wisconsindot.gov/Pages/travel/road/rustic-roads/rr76.aspx,844.866142098849
624,Mill Rd,Paved,0.5,2.5,10,Delafield,Waukesha,https://wisconsindot.gov/Pages/travel/road/rustic-roads/rr10.aspx,848.022149670254
625,Mill Rd,Paved,0.6,2.5,10,Summit,Waukesha,https://wisconsindot.gov/Pages/travel/road/rustic-roads/rr10.aspx,1016.82355625771
626,Mill St,Paved,0.1,2.5,31,West Salem,La Crosse,https://wisconsindot.gov/Pages/travel/road/rustic-roads/rr31.aspx,88.1051973754323
627,County MM,Paved,2,3.3,61,Ellington,Outagamie,https://wisconsindot.gov/Pages/travel/road/rustic-roads/rr61.aspx,3246.0131316279
628,County MM,Paved,1,5.2,26,Greenfield,La Crosse,https://wisconsindot.gov/Pages/travel/road/rustic-roads/rr26.aspx,1666.60424534303
629,County MM,Paved,1.3,3.3,61,Hortonville,Outagamie,https://wisconsindot.gov/Pages/travel/road/rustic-roads/rr61.aspx,2120.69587405727
630,County MM,Paved,0.4,5.2,26,La Crosse,La Crosse,https://wisconsindot.gov/Pages/travel/road/rustic-roads/rr26.aspx,686.308107838902
631,County MM,Paved,3.7,5.2,26,Shelby,La Crosse,https://wisconsindot.gov/Pages/travel/road/rustic-roads/rr26.aspx,6025.78953651511
632,Monches Rd,Paved,2.3,12.1,33,Erin,Washington,https://wisconsindot.gov/Pages/travel/road/rustic-roads/rr33.aspx,3629.12936567782
633,Moose Lake Rd,Unpaved,5.8,25.3,111,Round Lake,Sawyer,https://wisconsindot.gov/Pages/travel/road/rustic-roads/rr111.aspx,9297.9433089289
634,Moose Lake Rd,Paved,5.3,25.3,111,Round Lake,Sawyer,https://wisconsindot.gov/Pages/travel/road/rustic-roads/rr111.aspx,8574.61323419447
635,Morgan Lake Rd,Unpaved,12.6,32.1,74,Fence,Florence,https://wisconsindot.gov/Pages/travel/road/rustic-roads/rr74.aspx,20329.8474736301
636,Morgan Lake Rd,Paved,3.4,32.1,74,Fence,Florence,https://wisconsindot.gov/Pages/travel/road/rustic-roads/rr74.aspx,5478.7761385305
637,Morgan Rd,Paved,0.9,2.7,17,Lanark,Portage,https://wisconsindot.gov/Pages/travel/road/rustic-roads/rr17.aspx,1514.85440931477
638,Mountain Rd,Unpaved,0.6,3.1,72,Nepeuskun,Winnebago,https://wisconsindot.gov/Pages/travel/road/rustic-roads/rr72.aspx,1016.1229295467
639,Mountain Rd,Unpaved,1.2,3.1,72,Utica,Winnebago,https://wisconsindot.gov/Pages/travel/road/rustic-roads/rr72.aspx,1928.48045746969
640,Mountain Rd,Paved,1.3,3.1,72,Utica,Winnebago,https://wisconsindot.gov/Pages/travel/road/rustic-roads/rr72.aspx,2035.28486466932
641,Ridges Rd,Paved,2.5,2.5,39,Baileys Harbor,Door,https://wisconsindot.gov/Pages/travel/road/rustic-roads/rr39.aspx,4083.62950908663
642,Right Of Way Rd,Paved,6.3,6.3,44,Lake,Marinette,https://wisconsindot.gov/Pages/travel/road/rustic-roads/rr44.aspx,10172.9669196097
643,River Dr,Paved,2,9.3,82,Ashford,Fond Du Lac,https://wisconsindot.gov/Pages/travel/road/rustic-roads/rr82.aspx,3258.89248671115
644,River Dr,Unpaved,2.4,4.9,91,Gale,Trempealeau,https://wisconsindot.gov/Pages/travel/road/rustic-roads/rr91.aspx,3840.1087585377
645,River Dr,Paved,2.5,4.9,91,Gale,Trempealeau,https://wisconsindot.gov/Pages/travel/road/rustic-roads/rr91.aspx,4094.95778138796
646,River Lane Rd,Paved,0.2,3.3,99,Potosi,Grant,https://wisconsindot.gov/Pages/travel/road/rustic-roads/rr99.aspx,282.734389890106
647,River Ln,Paved,1,3.3,99,Potosi,Grant,https://wisconsindot.gov/Pages/travel/road/rustic-roads/rr99.aspx,1659.35214562114
648,Robin Ave,Unpaved,1.1,2.7,73,Green Grove,Clark,https://wisconsindot.gov/Pages/travel/road/rustic-roads/rr73.aspx,1826.92198808337
649,Rock Creek Rd,Unpaved,5.7,32.1,74,Fence,Florence,https://wisconsindot.gov/Pages/travel/road/rustic-roads/rr74.aspx,9228.56684203781
650,Rock Creek Rd,Paved,0.6,32.1,74,Fence,Florence,https://wisconsindot.gov/Pages/travel/road/rustic-roads/rr74.aspx,903.030055996147
651,Rolling Dr,Paved,2.3,9.3,82,Ashford,Fond Du Lac,https://wisconsindot.gov/Pages/travel/road/rustic-roads/rr82.aspx,3723.59878152197
652,County RR,Paved,1.9,1.9,62,Hill,Price,https://wisconsindot.gov/Pages/travel/road/rustic-roads/rr62.aspx,3120.15636179183
653,Ruff Rd,Unpaved,0.9,8.4,21,Freedom,Sauk,https://wisconsindot.gov/Pages/travel/road/rustic-roads/rr21.aspx,1376.90755209402
654,Rural Rd,Paved,3.4,3.6,23,Dayton,Waupaca,https://wisconsindot.gov/Pages/travel/road/rustic-roads/rr23.aspx,5478.18991241077
655,Rural Rd,Paved,0.1,3.6,23,Farmington,Waupaca,https://wisconsindot.gov/Pages/travel/road/rustic-roads/rr23.aspx,241.130358488672
656,Rustic 1 Rd,Unpaved,5,5,1,Rib Lake,Taylor,https://wisconsindot.gov/Pages/travel/road/rustic-roads/rr1.aspx,8125.58478992703
657,Rustic 3 Rd,Paved,0.5,3.6,3,Glenwood,St. Croix,https://wisconsindot.gov/Pages/travel/road/rustic-roads/rr3.aspx,773.065030671005
658,Rustic 3 Rd,Paved,3.1,3.6,3,Springfield,St. Croix,https://wisconsindot.gov/Pages/travel/road/rustic-roads/rr3.aspx,5069.05432412562
659,Pine Grove Rd,Paved,0.5,3.5,7,Franklin,Kewaunee,https://wisconsindot.gov/Pages/travel/road/rustic-roads/rr7.aspx,804.478805198033
660,Hrabik Rd,Unpaved,1,3.5,7,Montpelier,Kewaunee,https://wisconsindot.gov/Pages/travel/road/rustic-roads/rr7.aspx,1609.58657917523
661,O'Connor Rd,Paved,1,5.9,110,West Point,Columbia,https://wisconsindot.gov/Pages/travel/road/rustic-roads/rr110.aspx,1648.18868066306
662,O Ave,Paved,0.5,0,103,Farmington,Polk,https://wisconsindot.gov/Pages/travel/road/rustic-roads/rr103.aspx,770.180424807453
663,Oak Ave,Paved,0.1,2.5,31,West Salem,La Crosse,https://wisconsindot.gov/Pages/travel/road/rustic-roads/rr31.aspx,237.594934280317
664,Oak Knoll Rd,Paved,2.5,2.5,25,Rochester,Racine,https://wisconsindot.gov/Pages/travel/road/rustic-roads/rr25.aspx,4095.89172328483
665,Ogden Rd,Paved,1,3.7,75,Mifflin,Iowa,https://wisconsindot.gov/Pages/travel/road/rustic-roads/rr75.aspx,1668.17822425233
666,Old 32 Rd,Paved,1.1,9.4,113,Lakewood,Oconto,https://wisconsindot.gov/Pages/travel/road/rustic-roads/rr113.aspx,1764.27859276096
667,Old 32 Rd,Paved,1.4,9.4,113,Mountain,Oconto,https://wisconsindot.gov/Pages/travel/road/rustic-roads/rr113.aspx,2264.27017512218
668,Old 32 Rd,Paved,6.9,9.4,113,Riverview,Oconto,https://wisconsindot.gov/Pages/travel/road/rustic-roads/rr113.aspx,11045.1682391425
669,Old 35 Rd,Paved,0.7,8.1,98,Oakland,Burnett,https://wisconsindot.gov/Pages/travel/road/rustic-roads/rr98.aspx,1122.52138290715
670,Old 93 Rd,Paved,0.5,2.7,64,Holland,La Crosse,https://wisconsindot.gov/Pages/travel/road/rustic-roads/rr64.aspx,797.878282908155
671,Old 93 Rd,Paved,0.4,2.7,64,Holmen,La Crosse,https://wisconsindot.gov/Pages/travel/road/rustic-roads/rr64.aspx,697.13162728283
672,Old Agency House Rd,Paved,0.7,0.7,69,Portage,Columbia,https://wisconsindot.gov/Pages/travel/road/rustic-roads/rr69.aspx,1166.70709648163
673,Old Camp Rd,Paved,0.6,27,119,Washington,Door,https://wisconsindot.gov/Pages/travel/road/rustic-roads/rr119.aspx,1031.60787756864
674,Old Plank Rd,Paved,0.8,1.3,46,De Pere,Brown,https://wisconsindot.gov/Pages/travel/road/rustic-roads/rr46.aspx,1320.73511188788
675,Old Plank Rd,Paved,0.3,1.3,46,Ledgeview,Brown,https://wisconsindot.gov/Pages/travel/road/rustic-roads/rr46.aspx,426.81625424971
676,Old Plank Rd,Paved,0.2,1.3,46,Rockland,Brown,https://wisconsindot.gov/Pages/travel/road/rustic-roads/rr46.aspx,335.976041993245
677,Old West Harbor Rd,Paved,1.6,27,119,Washington,Door,https://wisconsindot.gov/Pages/travel/road/rustic-roads/rr119.aspx,2631.70939132822
678,Orchard Rd,Paved,1.1,8.4,21,Freedom,Sauk,https://wisconsindot.gov/Pages/travel/road/rustic-roads/rr21.aspx,1831.86874104189
679,Orchard Rd,Paved,2.5,8.4,21,Honey Creek,Sauk,https://wisconsindot.gov/Pages/travel/road/rustic-roads/rr21.aspx,3991.15084046289
680,Otto Rd,Paved,1.8,2.7,17,Lanark,Portage,https://wisconsindot.gov/Pages/travel/road/rustic-roads/rr17.aspx,2818.04339643464
681,Paradise Dr,Paved,1.2,6.6,52,Trenton,Washington,https://wisconsindot.gov/Pages/travel/road/rustic-roads/rr52.aspx,1874.65857514235
682,Paradise Valley Rd,Paved,0.1,5.4,89,Menomonie,Dunn,https://wisconsindot.gov/Pages/travel/road/rustic-roads/rr89.aspx,168.506248713933
683,Park Ave,Paved,0.2,2.2,109,Oconto,Oconto,https://wisconsindot.gov/Pages/travel/road/rustic-roads/rr109.aspx,398.427373017875
684,Park Rd,Paved,4.2,4.2,27,Decatur,Green,https://wisconsindot.gov/Pages/travel/road/rustic-roads/rr27.aspx,6824.71120351422
685,Parkway Rd,Paved,1.5,35.4,32,Silver Cliff,Marinette,https://wisconsindot.gov/Pages/travel/road/rustic-roads/rr32.aspx,2426.70356299667
686,Parkway Rd,Paved,14.4,35.4,32,Stephenson,Marinette,https://wisconsindot.gov/Pages/travel/road/rustic-roads/rr32.aspx,23146.4283466419
687,Peck Station Rd,Paved,2.1,2.1,120,Lafayette,Walworth,https://wisconsindot.gov/Pages/travel/road/rustic-roads/rr120.aspx,3302.46860864668
688,Perch Lake Rd,Unpaved,0.3,13.1,114,Atlanta,Rusk,https://wisconsindot.gov/Pages/travel/road/rustic-roads/rr114.aspx,557.268136142959
689,Perch Lake Rd,Unpaved,0.5,13.1,114,Wilkinson,Rusk,https://wisconsindot.gov/Pages/travel/road/rustic-roads/rr114.aspx,851.292261838063
690,Perch Lake Rd,Unpaved,2.2,13.1,114,Wilson,Rusk,https://wisconsindot.gov/Pages/travel/road/rustic-roads/rr114.aspx,3482.55903272432
691,Pine Ln,Paved,0.5,3,8,Suamico,Brown,https://wisconsindot.gov/Pages/travel/road/rustic-roads/rr8.aspx,783.477328606206
692,Pine St N,Unpaved,0.2,4.5,67,Turtle Lake,Barron,https://wisconsindot.gov/Pages/travel/road/rustic-roads/rr67.aspx,349.996063004235
693,Pine St N,Paved,0.1,4.5,67,Turtle Lake,Barron,https://wisconsindot.gov/Pages/travel/road/rustic-roads/rr67.aspx,145.854733926467
694,Pine Tree Rd N,Paved,1.8,4.4,40,Hobart,Brown,https://wisconsindot.gov/Pages/travel/road/rustic-roads/rr40.aspx,2897.34743816002
695,Piper Rd,Paved,0.3,7.3,86,Eagle,Waukesha,https://wisconsindot.gov/Pages/travel/road/rustic-roads/rr86.aspx,419.928175446016
696,Piper Rd,Paved,0.2,7.3,86,North Prairie,Waukesha,https://wisconsindot.gov/Pages/travel/road/rustic-roads/rr86.aspx,263.264546000776
697,Piper Rd,Paved,0.1,7.3,86,Ottawa,Waukesha,https://wisconsindot.gov/Pages/travel/road/rustic-roads/rr86.aspx,133.257791561141
698,Poeppel Rd,Paved,1.6,6.5,87,Koshkonong,Jefferson,https://wisconsindot.gov/Pages/travel/road/rustic-roads/rr87.aspx,2512.95395154904
699,Polk/St Croix Rd,Paved,0.1,0,103,Somerset,St. Croix,https://wisconsindot.gov/Pages/travel/road/rustic-roads/rr103.aspx,150.611560316504
700,Pond Rd,Paved,1.4,6.5,87,Koshkonong,Jefferson,https://wisconsindot.gov/Pages/travel/road/rustic-roads/rr87.aspx,2314.80628350058
701,Portage Rd,Paved,0.5,1.8,117,Springwater,Waushara,https://wisconsindot.gov/Pages/travel/road/rustic-roads/rr117.aspx,776.694907220779
702,Portage St,Paved,0.8,1.8,117,Saxeville,Waushara,https://wisconsindot.gov/Pages/travel/road/rustic-roads/rr117.aspx,1247.31247665722
703,Potter Rd,Paved,1.1,2.6,85,Spring Prairie,Walworth,https://wisconsindot.gov/Pages/travel/road/rustic-roads/rr85.aspx,1799.20216344332
704,Preston Rd,Unpaved,1.2,3.2,90,Spring Grove,Green,https://wisconsindot.gov/Pages/travel/road/rustic-roads/rr90.aspx,1957.14471315877
705,Ridge Rd,Paved,1,10.1,70,Liberty,Grant,https://wisconsindot.gov/Pages/travel/road/rustic-roads/rr70.aspx,1655.92100564884
706,Sleepy Hollow Rd,Paved,1,3.5,7,Montpelier,Kewaunee,https://wisconsindot.gov/Pages/travel/road/rustic-roads/rr7.aspx,1613.02859849463
707,Rustic 4 Rd,Unpaved,2.3,4.6,4,Springfield,St. Croix,https://wisconsindot.gov/Pages/travel/road/rustic-roads/rr4.aspx,3703.1794563536
708,Rustic 4 Rd,Unpaved,1.1,4.6,4,Glenwood,St. Croix,https://wisconsindot.gov/Pages/travel/road/rustic-roads/rr4.aspx,1726.16092804462
709,Rustic 4 Rd,Unpaved,0.1,4.6,4,Glenwood City,St. Croix,https://wisconsindot.gov/Pages/travel/road/rustic-roads/rr4.aspx,111.68743157731
710,Rustic 4 Rd,Unpaved,1.2,4.6,4,Springfield,St. Croix,https://wisconsindot.gov/Pages/travel/road/rustic-roads/rr4.aspx,1853.89006843238
711,25th St,Paved,0.9,6.7,18,Sumner,Barron,https://wisconsindot.gov/Pages/travel/road/rustic-roads/rr18.aspx,1369.22683148416
712,Rustic Road 45,Unpaved,2.3,2.5,45,Bridge Creek,Eau Claire,https://wisconsindot.gov/Pages/travel/road/rustic-roads/rr45.aspx,3719.13208173998
713,Rustic Road 45,Paved,0.1,2.5,45,Bridge Creek,Eau Claire,https://wisconsindot.gov/Pages/travel/road/rustic-roads/rr45.aspx,230.704367249619
714,County S,Paved,1.3,2,63,Greenbush,Sheboygan,https://wisconsindot.gov/Pages/travel/road/rustic-roads/rr63.aspx,2091.1499137382
715,County S,Paved,3.9,4.6,101,Osceola,Polk,https://wisconsindot.gov/Pages/travel/road/rustic-roads/rr101.aspx,6212.50012913424
716,Sutton Rd,Paved,1.3,4.5,59,Minocqua,Oneida,https://wisconsindot.gov/Pages/travel/road/rustic-roads/rr59.aspx,2101.8667701517
717,Sweetheart City Rd,Paved,1.2,5.2,97,Middle Inlet,Marinette,https://wisconsindot.gov/Pages/travel/road/rustic-roads/rr97.aspx,1958.65315479861
718,Swenson Rd,Paved,0.8,27,119,Washington,Door,https://wisconsindot.gov/Pages/travel/road/rustic-roads/rr119.aspx,1212.17533105984
719,County T,Paved,6.3,6.6,9,Sevastopol,Door,https://wisconsindot.gov/Pages/travel/road/rustic-roads/rr9.aspx,10201.5266366452
720,County T,Paved,0.2,6.6,9,Sturgeon Bay,Door,https://wisconsindot.gov/Pages/travel/road/rustic-roads/rr9.aspx,401.52838717584
721,Tesch Rd,Unpaved,2.8,4.1,78,Harding,Lincoln,https://wisconsindot.gov/Pages/travel/road/rustic-roads/rr78.aspx,4481.96541343549
722,Tesch Rd,Paved,1.3,4.1,78,Harding,Lincoln,https://wisconsindot.gov/Pages/travel/road/rustic-roads/rr78.aspx,2058.96105233832
723,Tews Rd(Fed Forest Rd 206),Unpaved,2.6,17.1,95,Spider Lake,Sawyer,https://wisconsindot.gov/Pages/travel/road/rustic-roads/rr95.aspx,4228.2833118311
724,Tews Rd(Fed Forest Rd 206),Paved,0.6,17.1,95,Spider Lake,Sawyer,https://wisconsindot.gov/Pages/travel/road/rustic-roads/rr95.aspx,1021.15578919331
725,Timber Wolf Trl,Paved,0.2,4.5,59,Minocqua,Oneida,https://wisconsindot.gov/Pages/travel/road/rustic-roads/rr59.aspx,362.366849641858
726,TN RD 37,Unpaved,0,32.1,74,Fence,Florence,https://wisconsindot.gov/Pages/travel/road/rustic-roads/rr74.aspx,71.6145993858638
727,TN RD 38,Paved,0.1,32.1,74,Fence,Florence,https://wisconsindot.gov/Pages/travel/road/rustic-roads/rr74.aspx,171.960200212293
728,Tower Rd,Paved,0,8.1,98,Swiss,Burnett,https://wisconsindot.gov/Pages/travel/road/rustic-roads/rr98.aspx,56.9366101448443
729,Town Line Rd,Paved,0.9,4.1,57,Farmington,Waupaca,https://wisconsindot.gov/Pages/travel/road/rustic-roads/rr57.aspx,1422.36260424219
730,Town Line Rd,Paved,0.9,4.1,57,Lanark,Portage,https://wisconsindot.gov/Pages/travel/road/rustic-roads/rr57.aspx,1406.86077850443
731,Town Line Rd,Paved,2,27,119,Washington,Door,https://wisconsindot.gov/Pages/travel/road/rustic-roads/rr119.aspx,3264.41758559102
732,Trout Brook Rd,Paved,0.7,3,13,St. Joseph,St. Croix,https://wisconsindot.gov/Pages/travel/road/rustic-roads/rr13.aspx,1179.08747174655
733,Trout Brook/Rustic Rd,Paved,2.3,3,13,Hudson,St. Croix,https://wisconsindot.gov/Pages/travel/road/rustic-roads/rr13.aspx,3724.57735625617
734,Trout Creek Rd,Paved,0.7,4.4,40,Hobart,Brown,https://wisconsindot.gov/Pages/travel/road/rustic-roads/rr40.aspx,1187.07346114951
735,County TT,Paved,3.5,3.5,77,Sturgeon Bay,Door,https://wisconsindot.gov/Pages/travel/road/rustic-roads/rr77.aspx,5615.98737376912
736,Tunnelville Rd,Paved,1,2.8,55,Stark,Vernon,https://wisconsindot.gov/Pages/travel/road/rustic-roads/rr55.aspx,1530.07604445334
737,County S,Paved,0.3,4.6,101,Osceola,Polk,https://wisconsindot.gov/Pages/travel/road/rustic-roads/rr101.aspx,464.221485724533
738,County S,Paved,0.7,2,63,Plymouth,Sheboygan,https://wisconsindot.gov/Pages/travel/road/rustic-roads/rr63.aspx,1061.72162754741
739,County S,Paved,3.8,25.3,111,Round Lake,Sawyer,https://wisconsindot.gov/Pages/travel/road/rustic-roads/rr111.aspx,6099.16773064788
740,County S,Paved,0.3,25.3,111,Spider Lake,Sawyer,https://wisconsindot.gov/Pages/travel/road/rustic-roads/rr111.aspx,451.94508659432
741,County S,Paved,0.5,4.6,101,St. Croix Falls,Polk,https://wisconsindot.gov/Pages/travel/road/rustic-roads/rr101.aspx,753.183444826763
742,S Buck's Lake Rd,Unpaved,2.3,13.1,114,Wilson,Rusk,https://wisconsindot.gov/Pages/travel/road/rustic-roads/rr114.aspx,3658.90509317309
743,S Point Rd,Paved,1.1,8,106,Leroy,Dodge,https://wisconsindot.gov/Pages/travel/road/rustic-roads/rr106.aspx,1751.7898104767
744,Sand Rd,Unpaved,3,8.9,76,Hewett,Clark,https://wisconsindot.gov/Pages/travel/road/rustic-roads/rr76.aspx,4849.84858722387
745,Sandhill Rd,Paved,2.3,8.5,56,Whitestown,Vernon,https://wisconsindot.gov/Pages/travel/road/rustic-roads/rr56.aspx,3638.48983759255
746,Scenic Rd,Unpaved,1.5,10.1,70,Liberty,Grant,https://wisconsindot.gov/Pages/travel/road/rustic-roads/rr70.aspx,2462.79840973704
747,Scenic Rd,Paved,0.2,10.1,70,Liberty,Grant,https://wisconsindot.gov/Pages/travel/road/rustic-roads/rr70.aspx,378.99794677047
748,Schara Dr,Unpaved,0.6,8.4,21,Freedom,Sauk,https://wisconsindot.gov/Pages/travel/road/rustic-roads/rr21.aspx,963.054264817013
749,Schara Dr,Unpaved,1,8.4,21,Honey Creek,Sauk,https://wisconsindot.gov/Pages/travel/road/rustic-roads/rr21.aspx,1555.93374013645
750,Schara Rd,Unpaved,0,8.4,21,Freedom,Sauk,https://wisconsindot.gov/Pages/travel/road/rustic-roads/rr21.aspx,41.0040960153869
751,Semple Rd,Paved,1.4,2.6,122,Waterville,Pepin,https://wisconsindot.gov/Pages/travel/road/rustic-roads/rr122.aspx,2300.37834203011
752,Semple Rd,Paved,1.2,2.6,122,Waubeek,Pepin,https://wisconsindot.gov/Pages/travel/road/rustic-roads/rr122.aspx,1951.23544458882
753,Serns Rd,Paved,0.1,2.7,35,Milton,Rock,https://wisconsindot.gov/Pages/travel/road/rustic-roads/rr35.aspx,221.508718061801
754,Settlement Rd N,Paved,12.3,12.3,54,Millston,Jackson,https://wisconsindot.gov/Pages/travel/road/rustic-roads/rr54.aspx,19768.9338491555
755,Shady Knoll Rd,Paved,8.5,13.1,105,Fifield,Price,https://wisconsindot.gov/Pages/travel/road/rustic-roads/rr105.aspx,13632.0688458349
756,Shamrock Ln,Paved,1.3,12.1,33,Erin,Washington,https://wisconsindot.gov/Pages/travel/road/rustic-roads/rr33.aspx,2018.89900940988
757,Sheridan Springs Rd,Paved,1.8,5.7,12,Lyons,Walworth,https://wisconsindot.gov/Pages/travel/road/rustic-roads/rr12.aspx,2880.84837541945
758,Skinner Hollow Rd,Paved,2.1,4.5,94,Adams,Green,https://wisconsindot.gov/Pages/travel/road/rustic-roads/rr94.aspx,3318.93809108471
759,Skinner Hollow Rd,Paved,2.5,4.5,94,Jordan,Green,https://wisconsindot.gov/Pages/travel/road/rustic-roads/rr94.aspx,3961.86038352904
760,Skog Rd,Paved,3.4,5.4,15,Grantsburg,Burnett,https://wisconsindot.gov/Pages/travel/road/rustic-roads/rr15.aspx,5463.23689159718
761,Slazing Rd,Paved,0.8,3.3,99,Potosi,Grant,https://wisconsindot.gov/Pages/travel/road/rustic-roads/rr99.aspx,1232.1804910855
762,Sleepy Hollow Rd,Paved,1.4,10.1,70,Liberty,Grant,https://wisconsindot.gov/Pages/travel/road/rustic-roads/rr70.aspx,2175.2595675991
763,Slotty Rd,Paved,2.4,8.4,21,Honey Creek,Sauk,https://wisconsindot.gov/Pages/travel/road/rustic-roads/rr21.aspx,3818.08955055824
764,Smith Rapids Rd,Unpaved,2.2,13.1,105,Eisenstein,Price,https://wisconsindot.gov/Pages/travel/road/rustic-roads/rr105.aspx,3605.98192032175
765,Smith Rapids Rd,Unpaved,1.7,13.1,105,Fifield,Price,https://wisconsindot.gov/Pages/travel/road/rustic-roads/rr105.aspx,2749.95866318044
766,Snake Rd,Paved,1,2.6,29,Geneva,Walworth,https://wisconsindot.gov/Pages/travel/road/rustic-roads/rr29.aspx,1664.52204591029
767,Snake Rd,Paved,0.2,2.6,29,Lake Geneva,Walworth,https://wisconsindot.gov/Pages/travel/road/rustic-roads/rr29.aspx,242.407262560933
768,Snake Rd,Paved,1.4,2.6,29,Linn,Walworth,https://wisconsindot.gov/Pages/travel/road/rustic-roads/rr29.aspx,2316.18256182795
769,South Rd,Paved,3.3,8.9,11,Lyons,Walworth,https://wisconsindot.gov/Pages/travel/road/rustic-roads/rr11.aspx,5249.69263903404
770,Spring Dr,Paved,1.9,9.3,82,Ashford,Fond Du Lac,https://wisconsindot.gov/Pages/travel/road/rustic-roads/rr82.aspx,3024.28618261331
771,Spring Valley Rd,Paved,1.7,8.9,11,Lyons,Walworth,https://wisconsindot.gov/Pages/travel/road/rustic-roads/rr11.aspx,2703.84795460005
772,St Augustine Rd,Paved,2.3,12.1,33,Erin,Washington,https://wisconsindot.gov/Pages/travel/road/rustic-roads/rr33.aspx,3686.61838680232
773,St Augustine Rd,Paved,1.3,12.1,33,Richfield,Washington,https://wisconsindot.gov/Pages/travel/road/rustic-roads/rr33.aspx,2086.76498235729
774,St Augustine Rd,Unpaved,0.9,6.6,52,Saukville,Ozaukee,https://wisconsindot.gov/Pages/travel/road/rustic-roads/rr52.aspx,1483.44589504867
775,St Augustine Rd,Paved,1,6.6,52,Trenton,Washington,https://wisconsindot.gov/Pages/travel/road/rustic-roads/rr52.aspx,1597.2363231557
776,Steele Rd,Paved,1.5,8.9,11,Lyons,Walworth,https://wisconsindot.gov/Pages/travel/road/rustic-roads/rr11.aspx,2419.26385812383
777,Strawberry Rd,Paved,0.2,7.3,86,North Prairie,Waukesha,https://wisconsindot.gov/Pages/travel/road/rustic-roads/rr86.aspx,272.533034495451
778,Sunrise Rd,Paved,1,3,8,Suamico,Brown,https://wisconsindot.gov/Pages/travel/road/rustic-roads/rr8.aspx,1616.33485044667
779,Sunrise Rd,Paved,1.2,27,119,Washington,Door,https://wisconsindot.gov/Pages/travel/road/rustic-roads/rr119.aspx,1940.14513875626
780,Sutton Rd,Unpaved,2.6,4.5,59,Minocqua,Oneida,https://wisconsindot.gov/Pages/travel/road/rustic-roads/rr59.aspx,4199.80965812407
781,Tunnelville Rd,Paved,1.9,2.8,55,Webster,Vernon,https://wisconsindot.gov/Pages/travel/road/rustic-roads/rr55.aspx,3005.65053208002
782,Turnbull Rd,Paved,1.1,3.7,75,Mifflin,Iowa,https://wisconsindot.gov/Pages/travel/road/rustic-roads/rr75.aspx,1724.1803969563
783,Twin Rivers Rd,Unpaved,5.5,32.1,74,Fence,Florence,https://wisconsindot.gov/Pages/travel/road/rustic-roads/rr74.aspx,8818.29142132633
784,Van Ness Rd,Paved,3.2,5.9,110,West Point,Columbia,https://wisconsindot.gov/Pages/travel/road/rustic-roads/rr110.aspx,5150.16510250838
785,County W,Paved,0.4,1.8,117,Saxeville,Waushara,https://wisconsindot.gov/Pages/travel/road/rustic-roads/rr117.aspx,647.990791908576
786,County W,Paved,9.4,27,119,Washington,Door,https://wisconsindot.gov/Pages/travel/road/rustic-roads/rr119.aspx,15194.3724420288
787,W Point Rd,Paved,2,8,106,Leroy,Dodge,https://wisconsindot.gov/Pages/travel/road/rustic-roads/rr106.aspx,3215.70373336886
788,W Town Line Rd,Unpaved,0,4.5,67,Turtle Lake,Barron,https://wisconsindot.gov/Pages/travel/road/rustic-roads/rr67.aspx,79.4397489554711
789,W Town Line Rd,Paved,0.1,4.5,67,Turtle Lake,Polk,https://wisconsindot.gov/Pages/travel/road/rustic-roads/rr67.aspx,129.992228823927
790,Washington Dr,Paved,1,6.6,52,Trenton,Washington,https://wisconsindot.gov/Pages/travel/road/rustic-roads/rr52.aspx,1605.24479929552
791,Waterville Rd,Paved,6.1,7.3,86,Ottawa,Waukesha,https://wisconsindot.gov/Pages/travel/road/rustic-roads/rr86.aspx,9861.35252202965
792,Waterville Rd,Paved,2.9,2.9,115,Summit,Waukesha,https://wisconsindot.gov/Pages/travel/road/rustic-roads/rr115.aspx,4745.51927397333
793,Wausaukee Rd,Paved,0.5,6.6,52,Trenton,Washington,https://wisconsindot.gov/Pages/travel/road/rustic-roads/rr52.aspx,803.196040370463
794,West River Rd,Paved,2,5.4,15,Grantsburg,Burnett,https://wisconsindot.gov/Pages/travel/road/rustic-roads/rr15.aspx,3277.61962171929
795,Westview Rd,Paved,1,3,8,Suamico,Brown,https://wisconsindot.gov/Pages/travel/road/rustic-roads/rr8.aspx,1622.6052377029
796,Wheatland Rd,Paved,3.4,8.2,42,Burlington,Racine,https://wisconsindot.gov/Pages/travel/road/rustic-roads/rr42.aspx,5551.50357589578
797,White River Rd,Unpaved,2.2,5.5,22,Seneca,Green Lake,https://wisconsindot.gov/Pages/travel/road/rustic-roads/rr22.aspx,3487.31247544366
798,White River Rd,Unpaved,3.3,5.5,22,St. Marie,Green Lake,https://wisconsindot.gov/Pages/travel/road/rustic-roads/rr22.aspx,5360.62786009701
799,Wickman Dr,Paved,0.8,27,119,Washington,Door,https://wisconsindot.gov/Pages/travel/road/rustic-roads/rr119.aspx,1319.35197344451
800,County ZZ,Paved,0.3,7.3,86,Ottawa,Waukesha,https://wisconsindot.gov/Pages/travel/road/rustic-roads/rr86.aspx,403.188291029198
801,Hoosier Creek Rd,Paved,0.6,8.2,42,Burlington,Racine,https://wisconsindot.gov/Pages/travel/road/rustic-roads/rr42.aspx,1003.08964992545
802,Spring Valley Rd,Paved,0.1,5.7,12,Lyons,Walworth,https://wisconsindot.gov/Pages/travel/road/rustic-roads/rr12.aspx,192.420735412072
803,Waterville Rd,Paved,0.3,7.3,86,Summit,Waukesha,https://wisconsindot.gov/Pages/travel/road/rustic-roads/rr86.aspx,428.288789219429
804,Cherneyville Rd,Paved,0.5,3.5,7,Montpelier,Kewaunee,https://wisconsindot.gov/Pages/travel/road/rustic-roads/rr7.aspx,800.506607271042
805,Pine Grove Rd,Paved,0.5,3.5,7,Montpelier,Kewaunee,https://wisconsindot.gov/Pages/travel/road/rustic-roads/rr7.aspx,807.241043332407
806,15 3/4 Ave,Paved,0.7,6.7,18,Sumner,Barron,https://wisconsindot.gov/Pages/travel/road/rustic-roads/rr18.aspx,1091.38435072763
807,16 1/4 Ave,Paved,0.6,6.7,18,Sumner,Barron,https://wisconsindot.gov/Pages/travel/road/rustic-roads/rr18.aspx,887.952813760061
808,17 1/4 Ave,Paved,0.6,6.7,18,Sumner,Barron,https://wisconsindot.gov/Pages/travel/road/rustic-roads/rr18.aspx,979.609916562733
809,Pioneer Rd,Paved,1.5,3.2,123,Clayton,Winnebago,https://wisconsindot.gov/Pages/travel/road/rustic-roads/rr123.aspx,2341.56590975009
810,Medina Junction Rd,Unpaved,0.7,3.2,123,Clayton,Winnebago,https://wisconsindot.gov/Pages/travel/road/rustic-roads/rr123.aspx,1160.72898678349
811,Medina Junctiion Rd,Paved,1,3.2,123,Clayton,Winnebago,https://wisconsindot.gov/Pages/travel/road/rustic-roads/rr123.aspx,1608.97019903793
